Date,BytesNoImages
2008-08-15,71579
2009-06-16,54187
2008-12-02,381496
2009-01-18,260882
2010-02-19,864501
2008-11-08,271983
2009-03-03,77349
2009-02-01,218839
2009-07-17,117926
2008-11-09,84899
2010-05-12,244491
2010-01-04,83870
2008-10-08,171145
2009-04-15,76931
2010-11-12,114027
2008-11-02,255558
2009-08-17,195996
2012-02-02,564608
2008-09-07,43778
2012-07-06,971609
2012-12-11,698688
2009-09-19,66596
2012-09-06,101325
2010-03-17,401186
2011-09-14,1182835
2013-05-10,1172768
2009-10-06,68374
2010-03-28,126627
2010-05-25,714996
2009-09-09,1148638
2012-02-23,290090
2013-06-15,741136
2010-09-18,654422
2009-03-25,97387
2010-04-06,195382
2008-08-06,93882
2009-07-28,132628
2012-12-25,375200
2010-02-10,798178
2011-08-11,5746157
2011-01-20,75947
2009-04-10,144678
2012-04-27,164923
2008-10-08,211829
2011-04-06,844877
2009-07-02,104028
2008-07-20,52891
2013-05-27,833885
2008-12-06,82042
2008-11-18,86575
2008-11-30,55467
2012-09-30,237063
2013-02-12,10473290
2013-01-31,417025
2012-10-30,168763
2010-04-01,224200
2013-01-10,396015
2013-07-02,622553
2009-01-02,75076
2008-09-10,278340
2009-11-09,992191
2011-09-25,198613
2011-08-12,1673002
2012-05-08,298686
2012-10-28,250518
2009-12-16,99408
2009-09-14,206543
2009-05-19,161008
2013-04-30,456194
2013-02-26,1233697
2011-10-09,127412
2013-06-04,248066
2008-09-19,225637
2013-04-15,1549261
2013-07-21,208351
2010-12-04,601075
2010-10-12,133091
2013-07-26,711059
2009-10-06,3324158
2009-07-10,569266
2009-08-08,51860
2012-03-28,204821
2009-07-16,183470
2008-12-06,261604
2008-09-26,144771
2010-03-02,75403
2009-03-18,117361
2008-07-31,133042
2009-08-28,65603
2012-08-21,581392
2009-07-21,336008
2013-02-28,1957205
2009-04-10,219949
2009-12-02,201785
2008-08-28,131336
2013-02-04,377129
2011-05-10,92395
2013-05-09,235174
2008-08-07,191471
2010-03-17,285062
2012-03-09,221892
2010-01-26,1760593
2008-08-29,99461
2013-01-21,199533
2012-05-30,312519
2009-02-12,66103
2012-03-15,113772
2012-07-29,186277
2009-11-15,787378
2013-05-17,278383
2009-12-16,1417358
2010-04-01,577986
2008-09-27,234909
2010-04-14,121711
2009-04-21,82728
2012-06-02,133501
2011-06-14,93431
2011-08-12,514708
2009-01-09,333370
2011-05-13,187300
2012-11-14,106776
2008-11-07,169429
2010-09-08,66748
2013-06-24,146170
2012-10-29,350915
2009-11-23,111443
2013-06-22,1157607
2010-04-08,328587
2010-04-13,92992
2008-07-25,28599
2009-05-24,156277
2008-11-23,102026
2009-08-13,55279
2011-08-04,514210
2010-02-18,108456
2010-04-13,87130
2012-04-18,180352
2013-07-20,1708811
2009-03-16,231578
2008-10-29,80572
2012-08-29,699068
2008-10-13,199276
2009-02-24,484548
2013-03-05,121273
2012-10-26,897920
2008-11-25,101431
2009-06-16,1309090
2009-07-14,310554
2009-08-05,321969
2013-05-18,127433
2008-12-08,1686736
2008-10-08,69902
2013-07-12,684431
2013-06-28,282061
2012-09-23,378095
2008-10-06,186666
2008-08-07,206135
2009-02-27,160440
2012-08-26,357734
2009-01-06,184921
2009-03-20,154744
2009-07-27,137768
2009-05-22,294181
2011-07-26,124758
2008-11-24,104130
2011-07-28,173810
2012-03-06,1301617
2009-07-10,161513
2009-10-21,252547
2010-10-25,156575
2012-04-18,656202
2008-08-30,157825
2009-01-03,384584
2008-08-25,115045
2009-08-16,115402
2008-09-29,543897
2010-02-05,164586
2011-06-23,235074
2009-07-18,55209
2009-01-12,114033
2009-05-10,88398
2009-03-25,66205
2008-07-18,106302
2013-05-31,1542440
2009-11-17,204708
2010-12-11,622013
2009-09-09,222477
2013-06-23,257311
2013-07-02,621122
2008-09-13,145798
2013-05-17,1170229
2013-06-28,302912
2011-05-23,116591
2008-10-02,194363
2012-06-19,791197
2009-09-06,166870
2010-06-10,388065
2012-06-13,88476
2011-09-16,194017
2008-07-19,83767
2008-11-12,125753
2012-12-17,529866
2008-08-30,156370
2010-01-20,176103
2012-05-01,98539
2008-10-27,146113
2010-02-15,914028
2010-05-14,216251
2009-04-27,95284
2011-08-16,60587
2012-03-18,46324
2008-09-16,350481
2008-08-12,66369
2013-07-22,1641640
2009-06-02,287395
2009-04-02,293185
2009-09-21,485703
2013-02-27,2594213
2013-03-29,350069
2009-11-05,96958
2013-01-07,1510330
2010-12-21,578733
2009-12-15,137628
2010-07-16,102952
2012-09-16,302460
2009-03-22,49457
2009-04-03,94691
2010-01-03,521828
2009-07-27,1129016
2009-08-16,813386
2009-08-16,335805
2013-07-19,1141553
2013-07-09,811349
2013-03-12,529268
2009-06-10,141432
2010-05-01,99371
2010-03-19,203943
2013-07-26,640853
2012-12-04,339723
2013-05-20,239469
2013-05-20,1095521
2009-03-03,1241605
2013-07-18,876914
2010-04-09,1243550
2008-07-30,71166
2013-04-01,512238
2011-05-19,258338
2013-01-20,356795
2011-05-16,122673
2008-11-18,124460
2008-11-04,658154
2008-12-23,73591
2013-03-01,802409
2013-05-20,112050
2013-06-28,274506
2010-10-09,109756
2008-09-03,196845
2013-05-19,763031
2010-03-26,33580
2010-09-14,174723
2012-03-19,339115
2009-01-10,72021
2008-12-15,104731
2013-07-18,804595
2010-09-20,77123
2011-05-23,284366
2012-09-09,202232
2011-08-24,810917
2008-08-21,108738
2010-10-20,224980
2010-04-22,48740
2009-08-11,280613
2013-04-30,1261631
2009-02-12,117579
2012-03-05,175126
2011-08-16,109970
2012-09-29,129524
2008-08-12,46995
2012-04-29,170205
2012-04-29,157510
2008-08-28,251768
2013-04-30,104114
2011-01-10,108443
2009-10-07,2058048
2010-03-19,493395
2011-11-24,479297
2011-11-19,92080
2009-12-14,987813
2013-07-09,1495081
2013-05-07,2411560
2008-09-13,109876
2010-09-20,174222
2012-06-03,1594200
2010-03-19,848973
2013-03-27,87185
2012-05-04,172525
2008-09-18,84218
2009-12-23,88597
2012-01-27,2539832
2013-06-26,381047
2008-08-07,155985
2013-04-22,122419
2008-08-07,56937
2009-02-13,778478
2013-05-29,314431
2009-11-03,135156
2010-01-11,362558
2009-09-05,597261
2011-05-20,182686
2009-01-26,78844
2008-11-06,107989
2008-11-01,238796
2008-12-02,130771
2010-05-06,136609
2008-10-07,101899
2009-09-22,291699
2013-06-24,192419
2011-04-21,75296
2009-06-21,157038
2008-12-05,272937
2008-09-24,133813
2013-07-15,4149998
2009-02-04,148684
2013-03-02,1502688
2011-08-28,243273
2013-07-22,2581502
2013-05-06,454303
2012-08-21,227359
2013-05-05,319343
2013-05-04,712730
2012-05-29,312123
2012-12-10,531840
2013-06-05,149469
2012-04-19,392880
2009-01-27,247076
2008-08-16,124568
2012-01-28,85789
2009-07-07,568400
2009-02-25,369240
2009-07-10,119707
2010-04-06,776603
2012-03-31,50685
2013-07-02,1300966
2009-09-30,169563
2008-09-11,102211
2010-03-01,95987
2009-09-30,86373
2009-10-22,36839
2012-10-27,168341
2009-01-08,146551
2010-01-23,196704
2009-09-28,96011
2008-08-25,72283
2010-04-26,260721
2009-07-27,67029
2010-06-14,83616
2013-02-24,1413007
2013-01-31,1020506
2012-07-24,524227
2008-07-30,77000
2009-03-31,499989
2009-07-24,131534
2013-02-21,1097016
2012-03-22,359034
2013-07-20,1572894
2011-06-13,526690
2013-07-22,5269039
2013-01-21,45230
2008-08-26,56548
2009-07-03,759409
2010-06-03,252815
2010-08-31,151873
2010-03-31,243421
2009-10-10,653079
2010-04-19,841576
2009-10-19,54126
2013-01-18,261051
2008-12-05,475284
2010-06-10,208239
2010-05-20,129430
2008-10-28,324879
2008-07-18,106454
2012-12-29,475109
2011-05-10,330990
2009-05-11,668517
2012-06-19,468024
2009-05-10,61669
2008-09-12,63007
2012-05-25,542721
2010-05-25,385859
2011-12-02,298466
2010-01-22,431307
2008-07-18,308210
2010-02-28,472284
2010-04-25,56566
2011-12-13,1310542
2008-08-11,119924
2013-07-07,115890
2011-03-25,730362
2013-05-30,614642
2013-05-30,376904
2009-05-18,571780
2009-06-18,823851
2010-04-03,1146436
2008-09-19,671046
2013-05-01,856517
2010-01-04,117733
2013-04-03,115170
2013-04-22,523242
2009-02-14,57150
2011-02-11,155659
2013-07-22,2718479
2010-06-07,679201
2010-04-08,227783
2012-10-17,603564
2009-08-17,440373
2008-08-16,212577
2010-01-13,129625
2009-01-16,157237
2008-11-04,68155
2013-07-09,1173267
2008-08-04,190334
2012-12-15,91102
2009-03-22,76370
2010-04-28,122282
2013-06-19,598733
2011-01-06,140687
2009-08-20,139968
2011-06-28,1455946
2013-07-23,635136
2010-03-08,445947
2010-09-10,548647
2013-06-28,310770
2013-06-13,709860
2013-05-22,320750
2012-08-05,751089
2009-08-04,1198914
2009-02-03,63889
2008-12-05,110478
2012-09-09,402456
2011-03-31,97207
2008-07-26,89874
2009-07-05,963788
2008-11-12,59435
2013-06-11,2639350
2009-07-23,96688
2010-01-10,90277
2010-03-28,236494
2009-07-13,1054583
2008-09-27,110769
2013-03-08,1101627
2010-10-11,235385
2009-09-09,213603
2009-10-07,83922
2010-05-21,276269
2012-05-04,1562437
2013-06-12,797297
2010-10-16,1683551
2009-09-05,161991
2010-11-02,194535
2008-09-10,134265
2013-01-05,1442072
2008-11-19,37589
2009-11-17,177925
2011-12-09,634176
2012-12-30,344332
2010-03-22,85473
2009-01-27,515356
2012-04-05,461158
2013-06-24,149603
2009-12-16,149954
2010-01-29,339811
2009-10-01,173917
2008-08-06,111068
2012-03-05,64780
2008-11-12,67555
2011-07-28,111718
2009-03-06,129571
2009-02-27,788039
2008-07-23,301978
2009-07-08,84268
2009-02-20,46321
2008-08-12,166664
2011-09-02,229780
2011-11-14,175667
2010-10-15,355207
2011-07-05,88906
2013-05-03,222698
2009-12-10,248504
2012-11-10,169240
2013-03-05,152141
2013-06-28,427596
2010-01-12,88090
2010-12-05,282746
2009-01-21,201631
2008-11-29,415799
2012-03-29,479446
2012-11-16,186865
2010-04-30,97181
2009-05-06,253837
2011-01-16,163185
2008-10-28,99984
2008-11-12,1141728
2009-08-13,1006203
2008-12-05,763479
2013-07-16,651687
2008-11-26,39009
2012-09-29,624909
2013-07-08,1930481
2010-05-09,256159
2009-09-03,312797
2010-05-24,558465
2009-03-27,2654987
2010-09-29,109167
2012-07-20,190139
2008-08-05,149350
2013-02-06,130586
2009-02-25,254082
2010-06-07,57318
2013-07-07,141629
2012-01-24,846600
2010-04-06,115008
2009-10-27,333186
2013-01-07,1070179
2013-02-04,737302
2008-07-18,49456
2009-06-29,519642
2009-11-04,373991
2010-03-23,442567
2008-08-26,389568
2012-02-03,3410444
2013-06-20,7326350
2009-05-27,861737
2009-08-22,103563
2009-04-01,182977
2011-09-22,5376973
2010-02-24,914029
2009-08-13,39284
2013-03-04,66096
2012-03-19,93603
2013-03-05,142829
2008-11-07,91231
2009-01-21,110799
2011-08-28,98298
2008-09-14,55906
2011-11-15,483594
2008-11-07,113197
2009-04-24,180457
2010-04-30,249907
2012-03-27,412594
2012-06-09,138343
2008-10-04,1815607
2012-12-07,253914
2012-12-14,1019741
2008-10-13,171507
2008-09-07,96971
2010-04-06,160185
2013-01-02,421354
2013-02-15,323356
2013-07-17,1337452
2013-03-05,62684
2008-11-03,107939
2010-02-05,404244
2009-09-02,133981
2010-01-02,292358
2010-04-16,253241
2010-02-05,132417
2009-07-29,168300
2013-07-08,110672
2010-01-22,111381
2008-09-21,89285
2010-11-01,382727
2009-01-05,86686
2009-06-16,725226
2008-07-30,75405
2012-11-05,859332
2013-03-05,359999
2013-07-26,4948734
2009-04-30,46714
2012-07-22,254546
2008-08-12,156447
2009-06-15,93236
2010-03-26,271223
2012-11-10,258824
2013-06-24,147180
2013-07-02,864678
2012-05-16,207652
2010-02-21,394925
2009-09-23,113923
2010-05-25,209831
2009-09-10,361700
2009-01-29,327505
2009-05-10,129480
2012-08-31,104245
2008-10-03,102873
2013-01-09,750046
2010-08-30,1017874
2010-03-02,1412101
2009-10-22,298105
2012-12-04,84557
2010-04-20,140484
2010-04-27,309673
2011-08-03,1766027
2013-07-22,2865177
2009-08-07,381476
2013-03-12,253595
2009-07-31,419381
2009-10-05,382770
2011-12-25,186067
2010-03-16,203179
2010-01-14,68429
2009-08-25,108357
2010-06-06,343889
2009-09-10,112562
2009-12-13,494896
2012-04-21,227902
2009-04-28,215752
2008-12-27,92759
2013-03-12,355210
2013-06-28,310882
2013-02-25,370092
2013-07-19,1204002
2013-03-04,194435
2012-09-01,243439
2009-08-07,1178848
2009-01-13,114213
2008-08-05,179376
2010-03-31,432735
2008-11-12,92112
2010-01-03,359162
2013-07-22,1852810
2009-05-29,170863
2012-07-28,461306
2009-11-29,62870
2009-12-29,100201
2008-08-19,64092
2008-11-22,142073
2010-04-27,110398
2008-08-15,218849
2010-04-05,120543
2013-02-03,1384670
2011-11-28,254881
2010-11-14,530593
2010-04-20,391644
2009-04-21,387798
2008-07-28,157389
2011-08-12,195856
2011-05-13,765743
2010-06-14,100461
2009-12-06,203885
2009-05-12,294991
2010-04-21,314408
2008-11-13,267972
2010-03-29,81799
2011-06-26,197242
2010-01-13,245972
2009-01-19,99101
2008-09-30,80500
2010-03-22,310878
2012-09-24,181722
2008-09-24,46062
2009-03-18,139970
2009-03-22,1847945
2010-06-11,119506
2012-08-20,636482
2010-01-19,129182
2009-09-12,109937
2012-02-21,167866
2008-10-04,104694
2011-06-23,182487
2012-06-29,601072
2010-05-23,143605
2009-08-31,142635
2009-04-28,218758
2008-10-02,170519
2008-10-03,134485
2008-12-23,331225
2011-10-06,113941
2013-05-06,341524
2010-10-19,193490
2010-04-08,27928
2009-01-18,156783
2009-04-13,129217
2008-08-21,76481
2012-07-25,132670
2013-07-03,439251
2008-09-09,1446850
2011-04-08,140990
2012-07-17,107637
2010-04-27,517330
2008-11-15,83986
2008-09-11,110443
2008-09-15,140468
2009-08-04,328165
2008-08-28,69655
2010-02-19,149393
2011-07-23,87063
2012-05-21,170834
2009-07-15,132907
2011-06-05,122015
2011-01-03,599050
2009-07-22,304289
2011-08-25,99338
2013-05-30,338157
2008-12-17,752092
2010-05-02,178751
2010-08-24,116890
2013-01-04,1138939
2008-08-20,200927
2013-01-25,256603
2009-01-28,403596
2013-05-04,1661716
2010-09-15,154883
2009-11-12,107306
2008-10-13,309529
2009-03-31,64278
2009-05-08,52718
2009-03-08,91329
2012-06-13,146735
2012-04-25,210008
2010-09-14,378138
2010-01-20,134368
2012-07-23,376183
2009-02-17,279348
2010-04-05,224968
2010-01-04,107460
2009-08-03,113838
2008-08-04,284407
2009-08-30,487508
2011-04-26,90547
2013-07-04,212135
2009-06-01,68326
2013-07-26,435019
2008-09-13,51392
2011-03-14,79047
2012-10-15,220248
2012-02-29,221769
2013-06-28,284981
2011-02-22,176995
2013-05-07,5695024
2008-12-28,54520
2013-07-22,3003483
2009-01-22,99746
2011-07-25,5047034
2013-03-03,485379
2013-02-22,453765
2008-09-24,68053
2010-08-17,113068
2010-04-12,1678114
2009-07-08,343030
2008-09-16,43196
2008-11-04,693842
2013-06-28,390332
2008-07-30,50526
2008-11-05,180302
2013-01-09,217607
2011-07-05,81473
2012-07-15,168952
2008-09-15,325587
2008-07-30,301053
2013-01-15,305820
2008-09-10,126289
2010-03-19,96272
2010-06-18,426801
2009-04-07,86369
2012-10-02,316756
2008-08-08,67851
2009-04-16,108230
2009-10-07,152528
2013-01-29,265564
2013-07-23,592577
2009-01-19,232342
2009-08-26,80294
2009-06-21,115070
2008-09-29,181775
2008-10-04,48488
2008-12-07,73721
2008-12-07,80899
2010-09-13,134163
2011-01-07,73789
2008-07-18,245651
2010-10-10,287127
2013-06-19,2383692
2011-10-04,116191
2010-03-29,111988
2009-08-22,480122
2008-11-19,58277
2009-07-05,436324
2010-10-11,152355
2013-05-01,132480
2010-06-06,478171
2011-10-02,121634
2013-06-03,708627
2013-04-19,1307293
2011-01-18,123399
2009-06-18,338271
2011-09-14,84473
2009-09-15,120179
2013-07-20,408464
2009-12-16,409765
2011-02-15,174185
2008-08-08,75491
2008-09-09,110266
2013-01-10,393024
2012-07-04,399134
2012-03-28,804912
2013-07-18,143194
2008-07-31,138743
2008-12-16,307007
2010-01-26,105113
2013-01-23,433625
2009-10-20,1024311
2012-12-15,116452
2013-03-24,94662
2013-07-17,560533
2010-06-20,147145
2013-07-22,189335
2013-07-22,558806
2008-08-27,54299
2013-04-11,908617
2013-07-22,354862
2013-07-22,216207
2009-06-24,273459
2013-07-22,256644
2011-10-13,252246
2008-09-22,149221
2008-11-11,133292
2011-06-10,298498
2009-10-27,92239
2009-06-24,82310
2009-03-22,311804
2012-05-14,180280
2009-06-09,408019
2011-03-02,410673
2009-12-18,179474
2008-08-20,227968
2009-06-16,926918
2012-02-03,191572
2009-03-01,149950
2008-10-26,255583
2012-12-20,110331
2011-08-30,460532
2008-08-04,97443
2012-11-22,223826
2008-10-03,73509
2013-06-13,1506553
2010-01-26,73627
2008-11-12,220087
2008-07-31,96016
2009-06-16,66469
2012-07-04,257056
2009-08-26,313324
2012-08-26,1107681
2013-01-18,364626
2012-03-11,85129
2012-05-06,21218
2011-07-28,237174
2013-06-28,260573
2013-05-31,330722
2010-01-09,224132
2010-02-09,304326
2012-07-23,61582
2008-08-05,147476
2008-11-04,117096
2009-02-20,69391
2009-03-23,60584
2009-06-04,171529
2013-07-18,769196
2012-09-28,129977
2009-04-21,144032
2012-03-19,88209
2009-07-19,303758
2010-04-20,142610
2013-06-28,470983
2012-11-18,1015331
2013-06-10,6980292
2009-01-24,109208
2013-04-09,2244863
2009-07-22,95250
2008-11-19,70849
2012-02-13,125529
2010-01-30,62298
2009-02-19,180365
2008-08-04,104871
2009-12-29,538168
2008-11-15,106180
2013-06-28,401632
2009-08-07,621450
2009-10-10,84370
2010-05-03,150065
2013-03-23,655270
2012-03-18,212595
2008-12-22,933318
2009-12-08,92511
2011-08-01,99054
2011-09-23,92853
2013-02-03,352881
2009-03-04,86004
2008-10-28,70550
2010-04-17,364455
2013-06-05,198082
2013-07-25,878956
2013-02-28,980244
2010-10-19,387251
2008-07-27,106120
2008-09-08,120885
2013-03-06,1158869
2013-07-23,1031989
2013-07-07,808464
2009-04-13,138333
2009-10-12,136552
2009-10-14,694565
2009-12-14,813295
2009-06-30,93125
2009-10-27,87958
2013-06-19,3094786
2009-03-09,250683
2011-09-27,384598
2013-01-04,218545
2009-07-28,183973
2010-04-04,178946
2013-02-19,116165
2010-05-14,272745
2012-01-29,460366
2013-01-05,251547
2013-06-07,318856
2011-05-31,154940
2010-09-15,111356
2008-10-01,242478
2008-08-04,322100
2010-05-12,143368
2013-03-01,406531
2013-01-13,1042941
2009-05-03,503199
2009-01-31,466239
2010-10-26,483573
2013-01-30,165093
2008-08-08,96603
2008-10-04,99151
2009-04-06,220146
2010-01-17,429140
2013-06-24,288180
2012-02-24,247423
2013-02-13,437312
2009-02-08,83184
2011-02-02,412435
2013-07-15,356330
2010-06-06,592105
2009-01-02,332207
2013-05-25,244211
2013-05-25,146243
2013-06-06,231785
2010-01-28,134272
2012-08-27,1223816
2009-03-09,112243
2013-07-11,571592
2013-01-27,426635
2013-06-28,379820
2013-06-28,428409
2013-07-23,1090387
2012-02-19,957059
2008-10-04,442184
2011-02-26,645749
2008-10-28,86478
2013-07-09,345157
2009-01-23,77703
2009-03-20,122072
2013-01-20,581696
2010-05-24,164756
2011-07-09,260852
2009-06-18,76321
2011-01-05,217048
2009-12-12,142169
2009-03-13,87508
2008-08-07,187602
2008-09-23,119812
2012-12-20,1288752
2009-08-23,384649
2012-05-27,323569
2009-11-17,179825
2012-11-26,1089139
2012-08-15,853896
2008-09-03,226589
2013-07-01,594888
2009-11-24,392141
2013-07-26,755473
2011-02-26,124348
2010-03-22,189252
2012-03-08,408798
2008-12-18,103420
2009-07-27,207701
2010-04-09,361030
2012-09-10,469987
2009-09-21,165537
2010-11-01,85746
2010-07-16,485385
2010-08-16,112579
2011-08-03,113013
2009-03-25,104097
2013-01-26,723077
2008-08-11,47183
2013-01-24,304538
2011-01-23,190691
2012-08-14,884770
2008-07-28,211698
2013-01-22,147915
2012-08-22,732931
2010-05-03,196002
2013-01-11,406342
2013-02-24,1148206
2013-01-29,278063
2009-09-06,174756
2011-02-10,431941
2012-09-25,47350
2012-09-25,50490
2009-05-13,75001
2013-07-11,192505
2010-06-27,208630
2012-10-14,286441
2012-03-01,368146
2013-07-18,2825200
2009-06-13,780481
2008-11-07,1954537
2010-04-08,152016
2009-05-08,184424
2011-07-12,93299
2013-07-20,751264
2010-08-30,292115
2009-05-07,49067
2009-07-16,960689
2009-02-10,73067
2010-02-03,94607
2009-08-20,107278
2012-03-06,353129
2011-10-25,442074
2011-08-29,827612
2008-08-08,61023
2010-08-20,299226
2013-07-22,149157
2013-07-23,815376
2013-05-30,986908
2009-05-18,581890
2008-09-04,467057
2010-09-08,120679
2009-06-16,181876
2013-02-07,577286
2010-03-15,142916
2012-03-15,105472
2013-03-14,2562949
2013-07-22,1907340
2013-03-21,698453
2013-01-26,911450
2013-07-24,133050
2010-05-11,226098
2009-08-25,316240
2009-06-15,164962
2008-11-04,222095
2008-08-02,133459
2010-07-04,260574
2008-11-17,313947
2008-08-04,646065
2011-05-04,85618
2013-06-18,193785
2012-02-20,124122
2010-04-05,115098
2008-08-09,268840
2009-03-05,75738
2008-11-23,57898
2011-01-16,314008
2013-05-20,464268
2009-06-16,814621
2009-09-26,114169
2008-11-12,381899
2013-02-27,296395
2013-05-15,342434
2012-03-06,4457963
2009-01-08,356217
2010-03-14,245445
2009-04-08,256169
2010-05-08,217823
2008-09-13,82523
2013-04-03,314720
2011-07-27,289184
2012-10-30,201731
2013-01-22,354152
2009-06-19,217312
2013-05-26,1081859
2011-06-10,90471
2012-12-20,639388
2013-02-28,630053
2012-10-31,1053605
2009-03-12,210481
2009-06-29,223652
2008-10-08,113527
2011-06-27,853968
2009-08-21,166214
2009-07-21,1712949
2009-02-28,138499
2011-09-26,187524
2012-09-13,213594
2013-06-24,1383318
2013-07-23,515614
2013-03-07,359448
2013-05-20,2106129
2009-01-19,138132
2008-08-03,269528
2009-04-12,111936
2009-10-23,148631
2012-03-22,66960
2008-10-07,161845
2011-05-28,223103
2009-08-11,97164
2011-07-29,117682
2013-07-18,186463
2010-06-10,690793
2008-09-03,45214
2013-02-21,247203
2013-02-18,119685
2009-09-11,423828
2008-07-28,453496
2009-01-19,332527
2012-08-07,155788
2013-06-04,1103545
2009-01-04,1692172
2008-08-05,260386
2011-08-01,900350
2009-03-22,156641
2009-07-23,180280
2012-01-30,431095
2010-01-12,458584
2010-08-30,107091
2012-04-12,805014
2009-08-13,120167
2013-02-23,517558
2009-06-17,104158
2013-01-24,306717
2013-07-16,149242
2008-09-22,68017
2013-07-19,1035818
2009-08-11,1118150
2009-07-04,62374
2009-09-06,428405
2009-03-20,148085
2009-07-22,150315
2010-02-20,129012
2013-04-22,98729
2010-10-11,242583
2008-07-30,181725
2008-10-27,78446
2011-09-12,164055
2011-03-26,741846
2010-11-14,169155
2011-08-11,169404
2013-03-28,204889
2010-09-22,21942
2009-05-05,285500
2010-06-02,84381
2012-11-12,220227
2009-10-02,186924
2008-07-26,54921
2013-05-04,442697
2011-02-10,194903
2009-02-12,90919
2009-02-01,250319
2010-04-01,69353
2008-08-07,193197
2009-10-29,61971
2012-04-11,231322
2008-09-19,794044
2008-11-27,110140
2013-02-27,204389
2012-09-18,1593903
2009-11-26,210389
2012-07-31,148503
2009-08-19,2900573
2012-09-13,458745
2011-08-08,188461
2012-12-27,338410
2008-09-07,40100
2012-05-21,159086
2009-01-19,110435
2013-07-02,592978
2012-10-21,223203
2011-01-17,233034
2010-04-11,180876
2010-02-11,174504
2009-05-23,176202
2013-07-20,900465
2013-03-08,273181
2011-01-29,901797
2012-07-13,341738
2010-11-02,200396
2009-08-11,775366
2009-12-17,68026
2008-08-17,62726
2009-02-25,109337
2013-02-27,950162
2010-05-23,271751
2011-10-08,867425
2011-08-10,379921
2010-01-28,220021
2008-09-22,343319
2013-07-24,4691094
2009-09-01,316276
2008-10-09,66579
2013-06-27,1903271
2013-02-28,862049
2009-10-08,109458
2010-06-17,339258
2012-03-23,985249
2013-05-10,241004
2008-08-08,116435
2013-04-30,746437
2013-06-24,138939
2013-02-21,174140
2008-10-07,271008
2013-07-03,20628582
2010-03-01,173537
2013-07-06,228441
2009-02-18,157977
2009-09-17,1181990
2010-09-07,972261
2013-02-13,279405
2009-05-05,52829
2010-08-27,115816
2011-02-07,114203
2010-01-13,213461
2010-04-16,301397
2013-02-27,332757
2012-08-03,144753
2009-05-04,256317
2008-12-15,332788
2009-10-11,902597
2008-08-06,147419
2012-06-19,156016
2012-10-17,2199810
2009-09-08,180635
2008-08-04,156362
2010-01-03,145455
2009-09-23,65194
2008-08-15,378574
2010-02-03,75219
2013-01-18,3406178
2013-03-13,909572
2012-08-22,120229
2013-01-02,382226
2013-02-20,1933234
2009-10-27,123966
2009-07-09,551951
2012-11-05,751757
2012-02-28,357922
2008-07-29,169353
2013-05-28,403217
2012-02-26,114807
2013-02-25,146953
2012-06-18,253820
2012-07-17,273712
2008-12-06,66020
2013-05-03,104290
2009-01-19,98886
2012-08-06,429528
2013-04-04,1840832
2009-08-23,137312
2009-07-10,1075790
2011-05-08,181083
2009-06-27,55617
2013-05-07,2336630
2010-05-12,221706
2010-05-28,138641
2013-04-15,490349
2010-03-31,68444
2010-03-23,2159779
2012-12-16,611989
2013-02-28,823638
2013-03-05,608236
2013-07-13,4884208
2008-08-04,249226
2008-11-04,124641
2013-01-23,1176571
2009-05-14,241179
2013-06-24,190790
2009-10-21,125096
2009-05-04,1505066
2008-11-06,498234
2009-10-01,131932
2012-12-22,821286
2009-04-27,492902
2011-07-03,125642
2008-10-24,240967
2012-06-14,563210
2009-05-31,1057052
2008-08-06,98553
2008-07-29,299177
2009-06-11,98581
2012-11-13,226949
2010-02-06,1023718
2010-01-16,194419
2012-03-17,1588371
2009-09-23,119028
2013-04-09,1283411
2008-10-15,2016060
2013-07-02,477130
2010-04-14,2119041
2013-01-05,722409
2012-09-10,372132
2013-07-24,1321141
2009-06-30,258111
2011-09-22,300965
2009-04-18,210514
2008-09-24,267978
2010-08-17,186630
2008-10-11,102317
2010-11-15,1370633
2009-10-03,134706
2008-12-14,154965
2009-09-27,52264
2008-09-18,211202
2009-01-26,80406
2013-06-15,687289
2012-06-30,255968
2008-09-11,188428
2013-05-10,146369
2009-04-22,232709
2012-01-06,161313
2011-10-04,2141265
2013-05-16,661748
2011-01-20,430067
2012-01-18,707261
2012-03-15,211210
2010-05-25,203018
2011-09-10,94654
2008-11-06,168380
2008-11-12,130641
2008-08-02,60388
2012-10-01,438770
2010-04-30,1670843
2008-09-18,53104
2012-08-24,1062436
2011-08-29,1019421
2009-06-30,143633
2008-09-10,165644
2009-08-23,102758
2009-02-26,621799
2011-06-05,409098
2011-06-05,501806
2009-05-18,600152
2009-06-23,408251
2012-12-07,450710
2012-12-07,373093
2012-12-07,290611
2009-02-02,63799
2010-08-26,249407
2009-06-15,283109
2011-01-23,1725692
2013-05-05,517333
2010-08-12,351720
2009-03-20,580002
2009-04-14,84392
2009-10-08,396866
2009-12-21,226751
2009-04-03,31085
2011-09-26,396918
2009-07-16,84739
2011-03-26,85770
2010-02-12,633328
2012-03-28,91677
2008-07-31,131248
2009-09-21,65635
2008-11-17,82072
2009-10-21,228331
2009-09-23,145111
2012-10-08,658333
2012-07-07,250404
2013-07-22,538882
2012-07-28,260986
2010-02-16,120156
2013-05-22,328539
2008-10-17,571273
2008-07-25,180537
2009-07-02,486587
2009-12-29,65278
2013-01-11,454342
2009-03-16,121808
2010-06-17,210264
2009-07-15,183330
2009-10-20,222261
2013-02-28,1863841
2008-12-22,86572
2008-11-09,130255
2009-02-04,100913
2009-02-10,93911
2008-10-20,164987
2013-07-25,226180
2009-07-09,101761
2010-08-12,120853
2009-04-28,596168
2013-03-14,214838
2013-07-08,1548909
2012-07-18,684293
2009-04-18,43630
2011-01-20,178051
2011-08-23,123592
2010-10-15,164082
2012-10-13,123358
2009-08-17,174331
2009-08-10,311096
2009-09-21,98365
2013-06-10,2677283
2012-05-03,1631785
2009-01-18,62500
2009-10-01,428704
2009-10-07,2215806
2011-02-25,307579
2012-04-27,294368
2009-01-06,84166
2008-11-12,133244
2008-09-29,30110
2010-05-06,143068
2013-05-12,425100
2008-07-31,67656
2009-02-09,103007
2010-06-08,1185738
2008-09-30,1504946
2009-01-20,168189
2009-12-11,112776
2009-10-26,157966
2013-02-07,367584
2011-06-21,115362
2011-08-03,451352
2011-07-11,371853
2012-08-02,275203
2010-06-03,246224
2009-08-05,106126
2008-11-07,106051
2011-10-13,3931727
2013-05-10,947374
2009-10-02,295671
2012-12-02,414847
2012-12-19,492396
2011-04-19,702399
2008-12-03,665122
2010-05-12,151921
2013-06-01,187494
2008-12-17,159663
2009-08-29,136961
2012-12-11,472976
2013-07-07,429819
2010-02-02,111112
2009-05-31,59467
2012-10-16,399772
2012-01-02,106507
2009-04-10,134635
2008-07-19,129033
2010-01-08,103171
2008-08-20,223633
2010-01-03,131195
2009-07-25,244697
2008-07-27,105619
2008-08-02,88710
2008-11-04,66543
2011-08-21,378056
2009-01-12,226499
2010-05-17,119190
2013-02-12,520218
2010-06-09,99047
2009-01-30,223946
2013-04-16,459582
2013-04-16,380464
2013-06-21,360446
2013-06-21,341799
2013-06-03,350274
2013-06-03,367955
2013-02-23,650584
2013-06-28,381966
2013-06-28,443977
2012-12-16,402595
2012-12-16,391609
2013-01-11,321462
2012-06-21,1302324
2010-05-27,160079
2009-05-28,108137
2010-05-16,65727
2008-12-09,106599
2008-11-27,143710
2010-06-09,129882
2012-01-26,292515
2010-06-09,69403
2011-09-04,107431
