Date,Bytes
2008-08-15,71579
2009-06-16,54187
2008-12-02,389324
2009-01-18,321209
2010-02-19,958703
2008-11-08,538681
2009-03-03,77349
2009-02-01,219487
2009-07-17,141670
2008-11-09,154539
2010-05-12,412495
2010-01-04,83870
2008-10-08,249327
2009-04-15,76931
2010-11-12,114027
2008-11-02,255558
2009-08-17,220462
2012-02-02,1086700
2008-09-07,44159
2012-07-06,971609
2012-12-11,698688
2009-09-19,66596
2012-09-06,111592
2010-03-17,415775
2011-09-14,1739947
2013-05-10,1565115
2009-10-06,174250
2010-03-28,126627
2010-05-25,714996
2009-09-09,1148638
2012-02-23,837294
2013-06-15,741136
2010-09-18,731545
2009-03-25,403788
2010-04-06,711027
2008-08-06,94391
2009-07-28,133137
2012-12-25,375200
2010-02-10,798178
2011-08-11,6130186
2011-01-20,75947
2009-04-10,144678
2012-04-27,164923
2008-10-08,212751
2011-04-06,879165
2009-07-02,948292
2008-07-20,52891
2013-05-27,1285032
2008-12-06,82042
2008-11-18,132696
2008-11-30,108910
2012-09-30,285003
2013-02-12,10473290
2013-01-31,500645
2012-10-30,168763
2010-04-01,270993
2013-01-10,404090
2013-07-02,622553
2009-01-02,75076
2008-09-10,283654
2009-11-09,1786491
2011-09-25,199219
2011-08-12,1852087
2012-05-08,298686
2012-10-28,465522
2009-12-16,99408
2009-09-14,233616
2009-05-19,418279
2013-04-30,456194
2013-02-26,1233697
2011-10-09,218178
2013-06-04,248066
2008-09-19,267076
2013-04-15,1708438
2013-07-21,1107970
2010-12-04,623295
2010-10-12,954176
2013-07-26,711834
2009-10-06,3555906
2009-07-10,569266
2009-08-08,74839
2012-03-28,278692
2009-07-16,184458
2008-12-06,718808
2008-09-26,322901
2010-03-02,76465
2009-03-18,193109
2008-07-31,150345
2009-08-28,96879
2012-08-21,581392
2009-07-21,340679
2013-02-28,1957205
2009-04-10,337615
2009-12-02,201785
2008-08-28,219900
2013-02-04,377129
2011-05-10,92395
2013-05-09,235174
2008-08-07,192243
2010-03-17,285062
2012-03-09,260612
2010-01-26,1760593
2008-08-29,99461
2013-01-21,199533
2012-05-30,340267
2009-02-12,80232
2012-03-15,113772
2012-07-29,186277
2009-11-15,923426
2013-05-17,278383
2009-12-16,1417358
2010-04-01,691896
2008-09-27,273615
2010-04-14,325536
2009-04-21,125349
2012-06-02,133501
2011-06-14,93431
2011-08-12,514708
2009-01-09,335068
2011-05-13,218894
2012-11-14,123289
2008-11-07,206318
2010-09-08,136732
2013-06-24,1360894
2012-10-29,350915
2009-11-23,111443
2013-06-22,1400496
2010-04-08,816728
2010-04-13,131572
2008-07-25,28599
2009-05-24,156277
2008-11-23,102340
2009-08-13,55279
2011-08-04,514210
2010-02-18,118386
2010-04-13,178837
2012-04-18,180352
2013-07-20,1708811
2009-03-16,231578
2008-10-29,191602
2012-08-29,704411
2008-10-13,199276
2009-02-24,499229
2013-03-05,121273
2012-10-26,897920
2008-11-25,101431
2009-06-16,1372830
2009-07-14,310554
2009-08-05,321969
2013-05-18,128318
2008-12-08,1686736
2008-10-08,79054
2013-07-12,743775
2013-06-28,411835
2012-09-23,410831
2008-10-06,186666
2008-08-07,206135
2009-02-27,178775
2012-08-26,374200
2009-01-06,217796
2009-03-20,154744
2009-07-27,227244
2009-05-22,309134
2011-07-26,135420
2008-11-24,104581
2011-07-28,173810
2012-03-06,1301617
2009-07-10,185923
2009-10-21,252547
2010-10-25,156575
2012-04-18,656202
2008-08-30,157825
2009-01-03,947013
2008-08-25,138232
2009-08-16,115402
2008-09-29,543897
2010-02-05,220009
2011-06-23,272323
2009-07-18,55209
2009-01-12,673522
2009-05-10,168464
2009-03-25,66205
2008-07-18,160881
2013-05-31,1542440
2009-11-17,365401
2010-12-11,1257732
2009-09-09,572779
2013-06-23,257311
2013-07-02,621122
2008-09-13,145798
2013-05-17,1170229
2013-06-28,412916
2011-05-23,117653
2008-10-02,194363
2012-06-19,791197
2009-09-06,166870
2010-06-10,482845
2012-06-13,166083
2011-09-16,213616
2008-07-19,95082
2008-11-12,182713
2012-12-17,529866
2008-08-30,187096
2010-01-20,176103
2012-05-01,98539
2008-10-27,287103
2010-02-15,938723
2010-05-14,217313
2009-04-27,95284
2011-08-16,60587
2012-03-18,46324
2008-09-16,481884
2008-08-12,66369
2013-07-22,1817539
2009-06-02,287395
2009-04-02,293185
2009-09-21,485703
2013-02-27,2594213
2013-03-29,350069
2009-11-05,96958
2013-01-07,1510330
2010-12-21,978953
2009-12-15,137628
2010-07-16,102952
2012-09-16,302460
2009-03-22,49457
2009-04-03,156555
2010-01-03,534792
2009-07-27,1143368
2009-08-16,837028
2009-08-16,335805
2013-07-19,1262625
2013-07-09,1388182
2013-03-12,529268
2009-06-10,224153
2010-05-01,136127
2010-03-19,232268
2013-07-26,723111
2012-12-04,339723
2013-05-20,239469
2013-05-20,1578580
2009-03-03,1241605
2013-07-18,914297
2010-04-09,1254791
2008-07-30,120558
2013-04-01,524297
2011-05-19,321539
2013-01-20,356795
2011-05-16,127001
2008-11-18,161647
2008-11-04,687553
2008-12-23,240026
2013-03-01,802409
2013-05-20,112050
2013-06-28,419226
2010-10-09,125659
2008-09-03,278259
2013-05-19,805271
2010-03-26,33580
2010-09-14,1516587
2012-03-19,339115
2009-01-10,72021
2008-12-15,107074
2013-07-18,811998
2010-09-20,77123
2011-05-23,284366
2012-09-09,202232
2011-08-24,812188
2008-08-21,108738
2010-10-20,1162140
2010-04-22,48740
2009-08-11,340204
2013-04-30,1404510
2009-02-12,118635
2012-03-05,317297
2011-08-16,181502
2012-09-29,134845
2008-08-12,48112
2012-04-29,170205
2012-04-29,157510
2008-08-28,404293
2013-04-30,104114
2011-01-10,108443
2009-10-07,2058048
2010-03-19,1773052
2011-11-24,479297
2011-11-19,92080
2009-12-14,987813
2013-07-09,1995657
2013-05-07,2713190
2008-09-13,136589
2010-09-20,174222
2012-06-03,1839861
2010-03-19,957681
2013-03-27,87185
2012-05-04,172525
2008-09-18,127997
2009-12-23,132966
2012-01-27,2714949
2013-06-26,382332
2008-08-07,155985
2013-04-22,122419
2008-08-07,56937
2009-02-13,894971
2013-05-29,634736
2009-11-03,135156
2010-01-11,365638
2009-09-05,597261
2011-05-20,304331
2009-01-26,118342
2008-11-06,630150
2008-11-01,547054
2008-12-02,191429
2010-05-06,136609
2008-10-07,102904
2009-09-22,315263
2013-06-24,192419
2011-04-21,75296
2009-06-21,157038
2008-12-05,535752
2008-09-24,211929
2013-07-15,4500070
2009-02-04,257064
2013-03-02,1502688
2011-08-28,243273
2013-07-22,3295318
2013-05-06,724145
2012-08-21,455304
2013-05-05,481480
2013-05-04,873427
2012-05-29,338746
2012-12-10,1382334
2013-06-05,149469
2012-04-19,395050
2009-01-27,247076
2008-08-16,152645
2012-01-28,105680
2009-07-07,568400
2009-02-25,435437
2009-07-10,139794
2010-04-06,776603
2012-03-31,96559
2013-07-02,1339511
2009-09-30,2374983
2008-09-11,108172
2010-03-01,97049
2009-09-30,86373
2009-10-22,127946
2012-10-27,168341
2009-01-08,158583
2010-01-23,206624
2009-09-28,141707
2008-08-25,174439
2010-04-26,276320
2009-07-27,112451
2010-06-14,102868
2013-02-24,1413007
2013-01-31,1132166
2012-07-24,524227
2008-07-30,77000
2009-03-31,499989
2009-07-24,254304
2013-02-21,1097016
2012-03-22,522486
2013-07-20,1572894
2011-06-13,607053
2013-07-22,5488477
2013-01-21,45230
2008-08-26,56548
2009-07-03,773125
2010-06-03,252815
2010-08-31,151873
2010-03-31,348140
2009-10-10,664493
2010-04-19,841576
2009-10-19,54126
2013-01-18,278258
2008-12-05,633061
2010-06-10,251148
2010-05-20,170229
2008-10-28,324879
2008-07-18,205300
2012-12-29,497137
2011-05-10,518799
2009-05-11,771226
2012-06-19,591440
2009-05-10,61669
2008-09-12,83644
2012-05-25,847276
2010-05-25,385859
2011-12-02,623938
2010-01-22,525386
2008-07-18,410750
2010-02-28,481637
2010-04-25,56566
2011-12-13,1310542
2008-08-11,157400
2013-07-07,115890
2011-03-25,740299
2013-05-30,614642
2013-05-30,849407
2009-05-18,632488
2009-06-18,823851
2010-04-03,1146436
2008-09-19,680131
2013-05-01,1146040
2010-01-04,117733
2013-04-03,115170
2013-04-22,557420
2009-02-14,67319
2011-02-11,155659
2013-07-22,3590051
2010-06-07,961749
2010-04-08,894451
2012-10-17,1490884
2009-08-17,486636
2008-08-16,364215
2010-01-13,508305
2009-01-16,356596
2008-11-04,68155
2013-07-09,1839407
2008-08-04,232036
2012-12-15,91102
2009-03-22,88292
2010-04-28,122282
2013-06-19,598733
2011-01-06,155442
2009-08-20,139968
2011-06-28,1455946
2013-07-23,702304
2010-03-08,583342
2010-09-10,548647
2013-06-28,429642
2013-06-13,709860
2013-05-22,424944
2012-08-05,751089
2009-08-04,1277755
2009-02-03,142647
2008-12-05,148896
2012-09-09,402456
2011-03-31,98862
2008-07-26,89874
2009-07-05,978371
2008-11-12,120246
2013-06-11,2982967
2009-07-23,103064
2010-01-10,118791
2010-03-28,236494
2009-07-13,1155459
2008-09-27,111327
2013-03-08,1101627
2010-10-11,404327
2009-09-09,253343
2009-10-07,103183
2010-05-21,276269
2012-05-04,1679577
2013-06-12,1331505
2010-10-16,1683551
2009-09-05,222719
2010-11-02,194535
2008-09-10,138827
2013-01-05,1608916
2008-11-19,100487
2009-11-17,299876
2011-12-09,634176
2012-12-30,364227
2010-03-22,86535
2009-01-27,528376
2012-04-05,461158
2013-06-24,149603
2009-12-16,149954
2010-01-29,339811
2009-10-01,174568
2008-08-06,172343
2012-03-05,93852
2008-11-12,145548
2011-07-28,180300
2009-03-06,186092
2009-02-27,788039
2008-07-23,301978
2009-07-08,84268
2009-02-20,46321
2008-08-12,228690
2011-09-02,229780
2011-11-14,195508
2010-10-15,387236
2011-07-05,91345
2013-05-03,222698
2009-12-10,248504
2012-11-10,528523
2013-03-05,368659
2013-06-28,497892
2010-01-12,88090
2010-12-05,282746
2009-01-21,217133
2008-11-29,529485
2012-03-29,983447
2012-11-16,198384
2010-04-30,103928
2009-05-06,258490
2011-01-16,651598
2008-10-28,136343
2008-11-12,1284435
2009-08-13,1037086
2008-12-05,776175
2013-07-16,890815
2008-11-26,62075
2012-09-29,624909
2013-07-08,1988211
2010-05-09,256159
2009-09-03,312797
2010-05-24,681816
2009-03-27,2674995
2010-09-29,166844
2012-07-20,190139
2008-08-05,390545
2013-02-06,165352
2009-02-25,283841
2010-06-07,58609
2013-07-07,271639
2012-01-24,856520
2010-04-06,204068
2009-10-27,341889
2013-01-07,2210317
2013-02-04,1229983
2008-07-18,94431
2009-06-29,519642
2009-11-04,373991
2010-03-23,498405
2008-08-26,633640
2012-02-03,3410444
2013-06-20,7648830
2009-05-27,869153
2009-08-22,143135
2009-04-01,216713
2011-09-22,5376973
2010-02-24,914763
2009-08-13,39284
2013-03-04,198016
2012-03-19,93603
2013-03-05,142829
2008-11-07,314613
2009-01-21,125016
2011-08-28,98298
2008-09-14,55906
2011-11-15,483594
2008-11-07,155275
2009-04-24,180457
2010-04-30,249907
2012-03-27,576897
2012-06-09,138343
2008-10-04,1936614
2012-12-07,261355
2012-12-14,1518367
2008-10-13,171507
2008-09-07,96971
2010-04-06,522764
2013-01-02,493020
2013-02-15,327386
2013-07-17,1384191
2013-03-05,62684
2008-11-03,176483
2010-02-05,404244
2009-09-02,157153
2010-01-02,292358
2010-04-16,253241
2010-02-05,153402
2009-07-29,272098
2013-07-08,110672
2010-01-22,111381
2008-09-21,177617
2010-11-01,498019
2009-01-05,93494
2009-06-16,725226
2008-07-30,75405
2012-11-05,859332
2013-03-05,359999
2013-07-26,4994873
2009-04-30,80948
2012-07-22,254546
2008-08-12,269463
2009-06-15,93236
2010-03-26,275650
2012-11-10,328656
2013-06-24,147180
2013-07-02,864678
2012-05-16,208309
2010-02-21,467097
2009-09-23,386391
2010-05-25,242286
2009-09-10,361700
2009-01-29,377555
2009-05-10,252996
2012-08-31,104245
2008-10-03,130757
2013-01-09,750046
2010-08-30,1267941
2010-03-02,1412101
2009-10-22,298105
2012-12-04,289319
2010-04-20,152882
2010-04-27,519000
2011-08-03,2029543
2013-07-22,3590932
2009-08-07,386210
2013-03-12,253595
2009-07-31,437967
2009-10-05,382770
2011-12-25,186067
2010-03-16,203179
2010-01-14,81796
2009-08-25,171610
2010-06-06,343889
2009-09-10,126325
2009-12-13,759823
2012-04-21,234023
2009-04-28,356681
2008-12-27,157228
2013-03-12,355210
2013-06-28,326151
2013-02-25,422503
2013-07-19,1496212
2013-03-04,194435
2012-09-01,243439
2009-08-07,1240412
2009-01-13,114213
2008-08-05,180451
2010-03-31,928218
2008-11-12,134225
2010-01-03,359162
2013-07-22,2376207
2009-05-29,339657
2012-07-28,1064896
2009-11-29,67946
2009-12-29,100201
2008-08-19,64092
2008-11-22,287530
2010-04-27,136264
2008-08-15,218849
2010-04-05,457703
2013-02-03,1384670
2011-11-28,519588
2010-11-14,534458
2010-04-20,391644
2009-04-21,433038
2008-07-28,177001
2011-08-12,618029
2011-05-13,765743
2010-06-14,100461
2009-12-06,204819
2009-05-12,294991
2010-04-21,419511
2008-11-13,377547
2010-03-29,82861
2011-06-26,197242
2010-01-13,247047
2009-01-19,99101
2008-09-30,80500
2010-03-22,311739
2012-09-24,181722
2008-09-24,67579
2009-03-18,331111
2009-03-22,1847945
2010-06-11,179567
2012-08-20,1527955
2010-01-19,142623
2009-09-12,109937
2012-02-21,167866
2008-10-04,119708
2011-06-23,182487
2012-06-29,628889
2010-05-23,143605
2009-08-31,474813
2009-04-28,246397
2008-10-02,361717
2008-10-03,183077
2008-12-23,331225
2011-10-06,165806
2013-05-06,606707
2010-10-19,836640
2010-04-08,27928
2009-01-18,156783
2009-04-13,174926
2008-08-21,77750
2012-07-25,176421
2013-07-03,600928
2008-09-09,1533618
2011-04-08,235198
2012-07-17,107637
2010-04-27,729947
2008-11-15,106583
2008-09-11,182129
2008-09-15,247914
2009-08-04,328165
2008-08-28,69655
2010-02-19,149393
2011-07-23,87397
2012-05-21,172486
2009-07-15,602354
2011-06-05,125016
2011-01-03,599050
2009-07-22,304289
2011-08-25,219317
2013-05-30,361754
2008-12-17,762830
2010-05-02,178751
2010-08-24,200990
2013-01-04,1138939
2008-08-20,247267
2013-01-25,256603
2009-01-28,417319
2013-05-04,1734899
2010-09-15,284613
2009-11-12,171176
2008-10-13,309529
2009-03-31,115850
2009-05-08,63220
2009-03-08,91329
2012-06-13,253567
2012-04-25,230380
2010-09-14,378138
2010-01-20,239447
2012-07-23,382524
2009-02-17,344754
2010-04-05,261970
2010-01-04,107460
2009-08-03,141411
2008-08-04,284407
2009-08-30,487508
2011-04-26,239955
2013-07-04,244761
2009-06-01,68326
2013-07-26,444126
2008-09-13,77804
2011-03-14,79047
2012-10-15,221808
2012-02-29,296668
2013-06-28,287332
2011-02-22,729077
2013-05-07,6356540
2008-12-28,224621
2013-07-22,3140731
2009-01-22,99746
2011-07-25,9389737
2013-03-03,738488
2013-02-22,453765
2008-09-24,68053
2010-08-17,114223
2010-04-12,3779667
2009-07-08,382665
2008-09-16,45921
2008-11-04,1155965
2013-06-28,398445
2008-07-30,82565
2008-11-05,213781
2013-01-09,217607
2011-07-05,81473
2012-07-15,168952
2008-09-15,325587
2008-07-30,301053
2013-01-15,305820
2008-09-10,127228
2010-03-19,96272
2010-06-18,439527
2009-04-07,123154
2012-10-02,316756
2008-08-08,67851
2009-04-16,115933
2009-10-07,152528
2013-01-29,265564
2013-07-23,592577
2009-01-19,232342
2009-08-26,80294
2009-06-21,115070
2008-09-29,196025
2008-10-04,48488
2008-12-07,106404
2008-12-07,234520
2010-09-13,168668
2011-01-07,268002
2008-07-18,255909
2010-10-10,774050
2013-06-19,2383692
2011-10-04,132329
2010-03-29,111988
2009-08-22,512278
2008-11-19,64782
2009-07-05,469215
2010-10-11,292240
2013-05-01,132480
2010-06-06,478171
2011-10-02,121634
2013-06-03,708627
2013-04-19,1307293
2011-01-18,148069
2009-06-18,352867
2011-09-14,329990
2009-09-15,193219
2013-07-20,408464
2009-12-16,409765
2011-02-15,488294
2008-08-08,75491
2008-09-09,118612
2013-01-10,690251
2012-07-04,709320
2012-03-28,804912
2013-07-18,143194
2008-07-31,151648
2008-12-16,307007
2010-01-26,149965
2013-01-23,1441385
2009-10-20,1024311
2012-12-15,116452
2013-03-24,94662
2013-07-17,560533
2010-06-20,162638
2013-07-22,189335
2013-07-22,558806
2008-08-27,69133
2013-04-11,910465
2013-07-22,354862
2013-07-22,216207
2009-06-24,478196
2013-07-22,256644
2011-10-13,292690
2008-09-22,159629
2008-11-11,181397
2011-06-10,324461
2009-10-27,115901
2009-06-24,168972
2009-03-22,311804
2012-05-14,248456
2009-06-09,408777
2011-03-02,412721
2009-12-18,179474
2008-08-20,227968
2009-06-16,926918
2012-02-03,509617
2009-03-01,163328
2008-10-26,255583
2012-12-20,110331
2011-08-30,460532
2008-08-04,131607
2012-11-22,223826
2008-10-03,73509
2013-06-13,1734866
2010-01-26,73627
2008-11-12,233149
2008-07-31,96016
2009-06-16,150501
2012-07-04,463077
2009-08-26,446714
2012-08-26,1111747
2013-01-18,380768
2012-03-11,158054
2012-05-06,21218
2011-07-28,316285
2013-06-28,288990
2013-05-31,330722
2010-01-09,287736
2010-02-09,1107368
2012-07-23,130828
2008-08-05,147476
2008-11-04,136348
2009-02-20,69391
2009-03-23,174371
2009-06-04,171529
2013-07-18,769196
2012-09-28,655200
2009-04-21,164224
2012-03-19,88209
2009-07-19,315991
2010-04-20,142610
2013-06-28,493765
2012-11-18,1209271
2013-06-10,7014649
2009-01-24,148497
2013-04-09,2246125
2009-07-22,110541
2008-11-19,82255
2012-02-13,125529
2010-01-30,62298
2009-02-19,180365
2008-08-04,104871
2009-12-29,542033
2008-11-15,106180
2013-06-28,522702
2009-08-07,731167
2009-10-10,84370
2010-05-03,150065
2013-03-23,655270
2012-03-18,216468
2008-12-22,933318
2009-12-08,160762
2011-08-01,109716
2011-09-23,108324
2013-02-03,525800
2009-03-04,90254
2008-10-28,83488
2010-04-17,658444
2013-06-05,241755
2013-07-25,1350377
2013-02-28,980244
2010-10-19,387251
2008-07-27,205749
2008-09-08,120885
2013-03-06,1158869
2013-07-23,1035493
2013-07-07,808464
2009-04-13,152062
2009-10-12,160322
2009-10-14,724532
2009-12-14,813295
2009-06-30,93125
2009-10-27,87958
2013-06-19,3487405
2009-03-09,250683
2011-09-27,1244495
2013-01-04,653902
2009-07-28,183973
2010-04-04,502597
2013-02-19,116165
2010-05-14,309860
2012-01-29,460366
2013-01-05,272862
2013-06-07,318856
2011-05-31,271409
2010-09-15,289053
2008-10-01,242478
2008-08-04,469214
2010-05-12,220746
2013-03-01,1482984
2013-01-13,1042941
2009-05-03,619626
2009-01-31,615886
2010-10-26,483573
2013-01-30,213729
2008-08-08,123445
2008-10-04,99151
2009-04-06,237623
2010-01-17,542179
2013-06-24,288180
2012-02-24,745883
2013-02-13,717359
2009-02-08,83184
2011-02-02,412435
2013-07-15,356330
2010-06-06,592105
2009-01-02,332207
2013-05-25,244211
2013-05-25,146243
2013-06-06,778989
2010-01-28,301526
2012-08-27,1223816
2009-03-09,249499
2013-07-11,1047084
2013-01-27,451318
2013-06-28,386294
2013-06-28,457158
2013-07-23,1292672
2012-02-19,957059
2008-10-04,443056
2011-02-26,752121
2008-10-28,113280
2013-07-09,346402
2009-01-23,129517
2009-03-20,149455
2013-01-20,1051545
2010-05-24,227355
2011-07-09,415683
2009-06-18,76321
2011-01-05,217048
2009-12-12,174446
2009-03-13,87508
2008-08-07,187602
2008-09-23,119812
2012-12-20,1662626
2009-08-23,616013
2012-05-27,333603
2009-11-17,273311
2012-11-26,1287052
2012-08-15,853896
2008-09-03,279726
2013-07-01,594888
2009-11-24,392141
2013-07-26,955833
2011-02-26,211399
2010-03-22,289621
2012-03-08,430946
2008-12-18,319718
2009-07-27,534100
2010-04-09,361030
2012-09-10,469987
2009-09-21,165537
2010-11-01,341191
2010-07-16,560682
2010-08-16,238368
2011-08-03,113013
2009-03-25,122329
2013-01-26,723077
2008-08-11,61977
2013-01-24,304538
2011-01-23,190691
2012-08-14,888927
2008-07-28,211698
2013-01-22,147915
2012-08-22,764657
2010-05-03,196002
2013-01-11,419283
2013-02-24,1165985
2013-01-29,278063
2009-09-06,174756
2011-02-10,431941
2012-09-25,47350
2012-09-25,50490
2009-05-13,204989
2013-07-11,199333
2010-06-27,208630
2012-10-14,286441
2012-03-01,375584
2013-07-18,2864066
2009-06-13,782496
2008-11-07,1954537
2010-04-08,171727
2009-05-08,194138
2011-07-12,93299
2013-07-20,755935
2010-08-30,413246
2009-05-07,116342
2009-07-16,1024500
2009-02-10,114011
2010-02-03,158433
2009-08-20,213499
2012-03-06,357707
2011-10-25,442074
2011-08-29,827612
2008-08-08,92053
2010-08-20,299226
2013-07-22,149157
2013-07-23,821205
2013-05-30,1072735
2009-05-18,581890
2008-09-04,836927
2010-09-08,120679
2009-06-16,368569
2013-02-07,757463
2010-03-15,170854
2012-03-15,114240
2013-03-14,3254120
2013-07-22,1907340
2013-03-21,698453
2013-01-26,914647
2013-07-24,339499
2010-05-11,380092
2009-08-25,637725
2009-06-15,380342
2008-11-04,222095
2008-08-02,133459
2010-07-04,260574
2008-11-17,313947
2008-08-04,646065
2011-05-04,85618
2013-06-18,193785
2012-02-20,128253
2010-04-05,182830
2008-08-09,386779
2009-03-05,75738
2008-11-23,57898
2011-01-16,315195
2013-05-20,473168
2009-06-16,980172
2009-09-26,517590
2008-11-12,381899
2013-02-27,296395
2013-05-15,342434
2012-03-06,4873294
2009-01-08,398849
2010-03-14,272240
2009-04-08,274856
2010-05-08,793897
2008-09-13,223427
2013-04-03,314720
2011-07-27,289184
2012-10-30,299808
2013-01-22,354152
2009-06-19,217312
2013-05-26,1081859
2011-06-10,90471
2012-12-20,720973
2013-02-28,630053
2012-10-31,1149941
2009-03-12,238031
2009-06-29,644183
2008-10-08,415223
2011-06-27,913993
2009-08-21,166953
2009-07-21,1830616
2009-02-28,138499
2011-09-26,187524
2012-09-13,213594
2013-06-24,2113932
2013-07-23,515614
2013-03-07,359448
2013-05-20,2152003
2009-01-19,150747
2008-08-03,551668
2009-04-12,131465
2009-10-23,158488
2012-03-22,83959
2008-10-07,375094
2011-05-28,317261
2009-08-11,97164
2011-07-29,119039
2013-07-18,186463
2010-06-10,956820
2008-09-03,56704
2013-02-21,304968
2013-02-18,119685
2009-09-11,550526
2008-07-28,469756
2009-01-19,496088
2012-08-07,155788
2013-06-04,1273101
2009-01-04,1692172
2008-08-05,268627
2011-08-01,900350
2009-03-22,156641
2009-07-23,207742
2012-01-30,431095
2010-01-12,484876
2010-08-30,212076
2012-04-12,889488
2009-08-13,153524
2013-02-23,517558
2009-06-17,104158
2013-01-24,309042
2013-07-16,159255
2008-09-22,68017
2013-07-19,1066826
2009-08-11,1193422
2009-07-04,62374
2009-09-06,561468
2009-03-20,208334
2009-07-22,438937
2010-02-20,210518
2013-04-22,98729
2010-10-11,242583
2008-07-30,275862
2008-10-27,78446
2011-09-12,177991
2011-03-26,741846
2010-11-14,169155
2011-08-11,169404
2013-03-28,204889
2010-09-22,21942
2009-05-05,325462
2010-06-02,86310
2012-11-12,220227
2009-10-02,186924
2008-07-26,54921
2013-05-04,509196
2011-02-10,194903
2009-02-12,90919
2009-02-01,250967
2010-04-01,69353
2008-08-07,193197
2009-10-29,64767
2012-04-11,236860
2008-09-19,965007
2008-11-27,110140
2013-02-27,204389
2012-09-18,2497361
2009-11-26,210389
2012-07-31,436961
2009-08-19,2934034
2012-09-13,458745
2011-08-08,188461
2012-12-27,463406
2008-09-07,51473
2012-05-21,326946
2009-01-19,124026
2013-07-02,592978
2012-10-21,241843
2011-01-17,1705611
2010-04-11,180876
2010-02-11,174504
2009-05-23,194874
2013-07-20,1786990
2013-03-08,273181
2011-01-29,943710
2012-07-13,553997
2010-11-02,215016
2009-08-11,775366
2009-12-17,68026
2008-08-17,71880
2009-02-25,507519
2013-02-27,950162
2010-05-23,275432
2011-10-08,1278240
2011-08-10,379921
2010-01-28,338794
2008-09-22,380156
2013-07-24,4828076
2009-09-01,448481
2008-10-09,85472
2013-06-27,1903271
2013-02-28,862049
2009-10-08,124826
2010-06-17,339258
2012-03-23,1103120
2013-05-10,241004
2008-08-08,123018
2013-04-30,781560
2013-06-24,138939
2013-02-21,174499
2008-10-07,306464
2013-07-03,20628582
2010-03-01,175189
2013-07-06,228441
2009-02-18,705332
2009-09-17,1291349
2010-09-07,1239814
2013-02-13,279405
2009-05-05,52829
2010-08-27,326959
2011-02-07,114203
2010-01-13,232604
2010-04-16,301972
2013-02-27,358666
2012-08-03,144753
2009-05-04,256317
2008-12-15,332788
2009-10-11,911939
2008-08-06,319091
2012-06-19,156016
2012-10-17,2202401
2009-09-08,225036
2008-08-04,161080
2010-01-03,235408
2009-09-23,65194
2008-08-15,466530
2010-02-03,97500
2013-01-18,3702418
2013-03-13,926193
2012-08-22,151471
2013-01-02,382723
2013-02-20,2045992
2009-10-27,124722
2009-07-09,660049
2012-11-05,751757
2012-02-28,357922
2008-07-29,173147
2013-05-28,403217
2012-02-26,114807
2013-02-25,597485
2012-06-18,253820
2012-07-17,273712
2008-12-06,66684
2013-05-03,112908
2009-01-19,98886
2012-08-06,438285
2013-04-04,1840832
2009-08-23,169753
2009-07-10,1249555
2011-05-08,181083
2009-06-27,55617
2013-05-07,2663450
2010-05-12,254758
2010-05-28,138641
2013-04-15,490349
2010-03-31,151117
2010-03-23,2159779
2012-12-16,700459
2013-02-28,1170492
2013-03-05,608894
2013-07-13,4974785
2008-08-04,398148
2008-11-04,124641
2013-01-23,1409888
2009-05-14,243173
2013-06-24,190790
2009-10-21,212479
2009-05-04,1715750
2008-11-06,903960
2009-10-01,507593
2012-12-22,821286
2009-04-27,492902
2011-07-03,125642
2008-10-24,313829
2012-06-14,563210
2009-05-31,1098564
2008-08-06,103224
2008-07-29,344772
2009-06-11,110079
2012-11-13,722840
2010-02-06,1023718
2010-01-16,246684
2012-03-17,1731152
2009-09-23,119028
2013-04-09,1283411
2008-10-15,2188518
2013-07-02,477130
2010-04-14,2139709
2013-01-05,895354
2012-09-10,372132
2013-07-24,1714107
2009-06-30,258111
2011-09-22,300965
2009-04-18,221397
2008-09-24,290322
2010-08-17,1172024
2008-10-11,102317
2010-11-15,1504499
2009-10-03,325346
2008-12-14,154965
2009-09-27,53320
2008-09-18,282257
2009-01-26,80406
2013-06-15,731342
2012-06-30,327331
2008-09-11,245423
2013-05-10,167888
2009-04-22,232709
2012-01-06,161313
2011-10-04,2155732
2013-05-16,662225
2011-01-20,519034
2012-01-18,711059
2012-03-15,242833
2010-05-25,359431
2011-09-10,160392
2008-11-06,462949
2008-11-12,160184
2008-08-02,82288
2012-10-01,939637
2010-04-30,1934105
2008-09-18,53449
2012-08-24,1062436
2011-08-29,1079446
2009-06-30,149062
2008-09-10,165644
2009-08-23,175393
2009-02-26,641311
2011-06-05,409098
2011-06-05,1069676
2009-05-18,600152
2009-06-23,408251
2012-12-07,982376
2012-12-07,796303
2012-12-07,290611
2009-02-02,258763
2010-08-26,1057933
2009-06-15,283109
2011-01-23,2010085
2013-05-05,563688
2010-08-12,351720
2009-03-20,632232
2009-04-14,84392
2009-10-08,396866
2009-12-21,444114
2009-04-03,60322
2011-09-26,400783
2009-07-16,117872
2011-03-26,85770
2010-02-12,785076
2012-03-28,91677
2008-07-31,131248
2009-09-21,65635
2008-11-17,82072
2009-10-21,239032
2009-09-23,236152
2012-10-08,661530
2012-07-07,258130
2013-07-22,538882
2012-07-28,264132
2010-02-16,120156
2013-05-22,328539
2008-10-17,765804
2008-07-25,180537
2009-07-02,697490
2009-12-29,65278
2013-01-11,497331
2009-03-16,124685
2010-06-17,250430
2009-07-15,360569
2009-10-20,222261
2013-02-28,1905480
2008-12-22,113803
2008-11-09,192764
2009-02-04,111073
2009-02-10,262168
2008-10-20,490525
2013-07-25,226180
2009-07-09,139386
2010-08-12,120853
2009-04-28,649705
2013-03-14,216123
2013-07-08,1548909
2012-07-18,871056
2009-04-18,43630
2011-01-20,178051
2011-08-23,620346
2010-10-15,388789
2012-10-13,123892
2009-08-17,194390
2009-08-10,620965
2009-09-21,218488
2013-06-10,3123209
2012-05-03,2438143
2009-01-18,87253
2009-10-01,428704
2009-10-07,2253910
2011-02-25,749228
2012-04-27,638099
2009-01-06,84166
2008-11-12,137059
2008-09-29,30110
2010-05-06,143068
2013-05-12,425100
2008-07-31,67656
2009-02-09,103007
2010-06-08,1674634
2008-09-30,1504946
2009-01-20,185178
2009-12-11,121288
2009-10-26,293102
2013-02-07,685808
2011-06-21,115362
2011-08-03,452051
2011-07-11,579059
2012-08-02,275203
2010-06-03,731617
2009-08-05,157309
2008-11-07,131870
2011-10-13,4405168
2013-05-10,947374
2009-10-02,346089
2012-12-02,443087
2012-12-19,538270
2011-04-19,707691
2008-12-03,806112
2010-05-12,166224
2013-06-01,187494
2008-12-17,195838
2009-08-29,136961
2012-12-11,474100
2013-07-07,571881
2010-02-02,115286
2009-05-31,59467
2012-10-16,518391
2012-01-02,106507
2009-04-10,134968
2008-07-19,191217
2010-01-08,103171
2008-08-20,223633
2010-01-03,131195
2009-07-25,298195
2008-07-27,123473
2008-08-02,105944
2008-11-04,66543
2011-08-21,2571156
2009-01-12,340565
2010-05-17,159269
2013-02-12,520218
2010-06-09,99047
2009-01-30,223946
2013-04-16,502138
2013-04-16,418080
2013-06-21,388622
2013-06-21,393618
2013-06-03,369483
2013-06-03,410735
2013-02-23,650584
2013-06-28,403466
2013-06-28,453836
2012-12-16,464885
2012-12-16,454228
2013-01-11,546376
2012-06-21,1642322
2010-05-27,160079
2009-05-28,125348
2010-05-16,65727
2008-12-09,128932
2008-11-27,143710
2010-06-09,142168
2012-01-26,447499
2010-06-09,69403
2011-09-04,107431
